{"cameraMode":{"drawMode":0,"name":"Shaded","section":"Shading Mode"},"sceneLighting":true,"audioPlay":false,"sceneViewState":{"showFog":true,"showMaterialUpdate":false,"showSkybox":true,"showFlares":true,"showImageEffects":true,"showParticleSystems":true},"in2DMode":false,"pivot":{"x":54.04351043701172,"y":-54.2662353515625,"z":145.6105499267578},"rotation":{"x":-0.35388556122779848,"y":0.02049102447926998,"z":-0.007755796890705824,"w":-0.9350448250770569},"size":267.0954284667969,"orthographic":false}