{"cameraMode":{"drawMode":0,"name":"Shaded","section":"Shading Mode"},"sceneLighting":true,"audioPlay":false,"sceneViewState":{"showFog":true,"showMaterialUpdate":false,"showSkybox":true,"showFlares":true,"showImageEffects":true,"showParticleSystems":true},"in2DMode":false,"pivot":{"x":43.00541305541992,"y":17.935434341430665,"z":17.50925064086914},"rotation":{"x":-0.3640417754650116,"y":0.10890598595142365,"z":-0.043016258627176288,"w":-0.9240418076515198},"size":45.98632049560547,"orthographic":false}