{"cameraMode":{"drawMode":0,"name":"Shaded","section":"Shading Mode"},"sceneLighting":true,"audioPlay":false,"sceneViewState":{"showFog":true,"showMaterialUpdate":false,"showSkybox":true,"showFlares":true,"showImageEffects":true,"showParticleSystems":true},"in2DMode":false,"pivot":{"x":173.03196716308595,"y":45.316741943359378,"z":97.45527648925781},"rotation":{"x":-0.41314733028411868,"y":-0.1112927496433258,"z":0.050809863954782489,"w":-0.9024606943130493},"size":187.0735626220703,"orthographic":false}